{
  "MNISTNet_basic": {
    "train_nesy": {
      "loss": [
        2.5652955877501515, 
        1.822189956590207, 
        1.0357133651743504, 
        0.6101489994629289, 
        0.44040806409853955, 
        0.40903325234261756, 
        0.3646475655489387, 
        0.3449717870638827, 
        0.3431922937218431, 
        0.3059322449597588, 
        0.29791077818289013, 
        0.26864406436450317, 
        0.26612963218304087, 
        0.2338399024053286, 
        0.23287220684550008, 
        0.22000474796532096, 
        0.21007412609907053, 
        0.20859372407542012, 
        0.19943077020266844, 
        0.19835564136879913
      ],
      "accuracy": 0.9922666666666666,
      "single-digit accuracy": [
        0.992, 
        0.992
      ]
    },
    "train_neural": {
      "loss": [
        2.2690479443868,
        1.7095398306528726,
        1.5651950421015421,
        1.4579458071390787,
        1.3939955445607504,
        1.346109638849894,
        1.305116493988037,
        1.267276050122579,
        1.2401465564092,
        1.2104031683921814,
        1.184798811562856,
        1.1692756830851236,
        1.147757584444682,
        1.1271749709447225,
        1.1111008642832438,
        1.1058469361305237,
        1.0914052026112875,
        1.0740449822743734,
        1.0517335496266682,
        1.0550191441218058
      ],
      "accuracy": [
        0.18313333333333334,
        0.3108666666666667,
        0.36473333333333335,
        0.4080666666666667,
        0.43366666666666664,
        0.4526,
        0.4789333333333333,
        0.4882,
        0.5058666666666667,
        0.5152333333333333,
        0.5283,
        0.5448,
        0.5528,
        0.5560666666666667,
        0.5712,
        0.5755333333333333,
        0.5810666666666666,
        0.5851,
        0.5929,
        0.5987666666666667
      ],
      "single-digit accuracy": [
        0.051866666666666665,
        0.05093333333333333
      ]
    }
  },
  "EfficientNet-B0": {
    "train_nesy": {
      "loss": [
        2.7966991901397704,
        1.7277248352672905, 
        0.9947273118294107, 
        0.7661565243317454, 
        0.6027001676013606, 
        0.6836513021204155, 
        0.5702017036691541, 
        0.6911383292869868, 
        0.603218762592387, 
        0.42974203067315103, 
        0.4463492345648774, 
        0.3433245274434921, 
        0.46673309320472983, 
        0.3512325947912905, 
        0.48965051183595276, 
        0.440591103304414, 
        0.40939451078809724, 
        0.39941830716451476, 
        0.3206203810335774, 
        0.3143810711524384
      ],
      "accuracy": 0.7275,
      "single-digit accuracy": [0.7275, 0.8512]
    },
    "train_neural": {
      "loss": [1.7490629727045695, 
      1.138684254582723, 
      0.9636587374687194, 
      0.8507470823923746, 
      0.7372771632671357, 
      0.6843244693597158, 
      0.6452483255783716, 
      0.7227314542452494, 
      0.6792518965641657, 
      0.53710208837986, 
      0.6420382524808248, 
      0.6849420302708944, 
      0.8372303075750669, 
      0.6609361655076345, 
      0.5217884416182836, 
      0.5651036133527756, 
      0.595698291194439, 
      0.6032871237357458, 
      0.4323798717300097, 
      0.43648868888020514],
      "accuracy": [
        0.3565333333333333,
        0.6026333333333334,
        0.7144,
        0.7945, 
        0.8659, 
        0.8966666666666666, 
        0.9149333333333334, 
        0.9149666666666667, 
        0.9266, 
        0.9452666666666667, 
        0.9367,
        0.9378666666666666, 
        0.9191, 
        0.9404666666666667, 
        0.9531, 
        0.9491333333333334, 
        0.9457, 
        0.9461333333333334, 
        0.9610666666666666, 
        0.9618333333333333
    ], 
      "single-digit accuracy": [
        0.0378,
        0.0369
        ]
    }
  },
  "EfficientNet-B3": {
    "train_nesy": {
      "loss": [
        2.7966991901397704, 
        1.7277248352672905, 
        0.9947273118294107, 
        0.7661565243317454, 
        0.6027001676013606, 
        0.6836513021204155, 
        0.5702017036691541, 
        0.6911383292869868, 
        0.603218762592387, 
        0.42974203067315103, 
        0.4463492345648774, 
        0.3433245274434921, 
        0.46673309320472983, 
        0.3512325947912905, 
        0.48965051183595276, 
        0.440591103304414, 
        0.40939451078809724,
        0.39941830716451476, 
        0.3923812888946213, 
        0.3206203810335774
      ],
      "accuracy": 0.5548333333333333, 
      "single-digit accuracy": [0.741, 0.741]
    },
    "train_neural": {
        "loss": [
          1.755229648399353, 
          1.1355134784698486, 
          0.9117352965354919, 
          0.8575200861930847, 
          0.8121142584323883, 
          0.80362618877093, 
          0.6855260381380717, 
          0.6836023975570996, 
          0.6212077115138371, 
          0.6154003118276596, 
          0.5372319087425868, 
          0.6838752784709136, 
          0.7616086548407872, 
          0.5589989110867183, 
          0.7021448831101259, 
          0.8158120835900307, 
          0.6658563463270665, 
          0.7214299715836843, 
          0.79295795160532, 
          0.9342550779740015
          ], 
        "accuracy": [
          0.36183333333333334, 
          0.6206333333333334, 
          0.7649333333333334, 
          0.8300333333333333, 
          0.8877, 
          0.9036, 
          0.9211, 
          0.9318333333333333, 
          0.9357666666666666, 
          0.9396666666666667, 
          0.9485333333333333, 
          0.9363333333333334, 
          0.9295666666666667, 
          0.9511666666666667, 
          0.9395, 
          0.9306333333333333, 
          0.9415666666666667, 
          0.9467333333333333, 
          0.9374, 
          0.9342
        ], 
        "single-digit accuracy": [
          0.1968, 
          0.19653333333333334
        ]
    }
  }
}