{
  "MNISTNet_basic": {
    "train_nesy": {
      "loss": [
        0.9273771576726371,
        0.869447370061521,
        0.8469328619011334,
        0.8425611625940997,
        0.6467140457475802,
        0.6366828583897716,
        0.6327459430365291,
        0.6324839802914576,
        0.44519489499395587,
        0.4377198114193022,
        0.4326271377492068,
        0.43222570550507666,
        0.3529227407561166,
        0.35193312240773594,
        0.34727490952234014,
        0.3475425929614571,
        0.3482042760935381,
        0.34488309145976637,
        0.34255748149656595,
        0.34195557035386454
      ],
      "accuracy": [
        0.39236666666666665,
        0.7348333333333333,
        0.8736333333333334,
        0.8973666666666666,
        0.8977666666666667,
        0.9177333333333333,
        0.9243,
        0.9296,
        0.9241,
        0.9341000000000001,
        0.9383,
        0.9399666666666666,
        0.9362,
        0.9381333333333333,
        0.9432666666666667,
        0.9399333333333333,
        0.9426333333333334,
        0.9462666666666667,
        0.9451,
        0.9463333333333334
      ],
      "single-digit accuracy": [
        0.9729333333333334,
        0.9734666666666666
      ],
      "sat": 0.6580444296461359
    },
    "train_neural": {
      "loss": [
        2.2690479443868,
        1.7095398306528726,
        1.5651950421015421,
        1.4579458071390787,
        1.3939955445607504,
        1.346109638849894,
        1.305116493988037,
        1.267276050122579,
        1.2401465564092,
        1.2104031683921814,
        1.184798811562856,
        1.1692756830851236,
        1.147757584444682,
        1.1271749709447225,
        1.1111008642832438,
        1.1058469361305237,
        1.0914052026112875,
        1.0740449822743734,
        1.0517335496266682,
        1.0550191441218058
      ],
      "accuracy": [
        0.18313333333333334,
        0.3108666666666667,
        0.36473333333333335,
        0.4080666666666667,
        0.43366666666666664,
        0.4526,
        0.4789333333333333,
        0.4882,
        0.5058666666666667,
        0.5152333333333333,
        0.5283,
        0.5448,
        0.5528,
        0.5560666666666667,
        0.5712,
        0.5755333333333333,
        0.5810666666666666,
        0.5851,
        0.5929,
        0.5987666666666667
      ],
      "single-digit accuracy": [
        0.051866666666666665,
        0.05093333333333333
      ]
    }
  },
  "EfficientNet-B0": {
    "train_nesy": {
      "loss": [
        0.8539909706143519,
        0.843101277856921,
        0.8387850745470665,
        0.835249598978417,
        0.6425550193521263,
        0.6241225546002516,
        0.6239890655562117,
        0.620015334594996,
        0.43303591180666967,
        0.4169714465745899,
        0.42208160886272283,
        0.4107931980879587,
        0.34408731349454486,
        0.32177348755038365,
        0.3221342602782292,
        0.3150172663295745,
        0.32103846995134744,
        0.3234150568809315,
        0.31671719191969006,
        0.31416255513398816
      ],
      "accuracy": [
        0.8660333333333334,
        0.9028666666666668,
        0.9213,
        0.9362666666666667,
        0.9167,
        0.9491000000000001,
        0.9492,
        0.9555333333333334,
        0.9441333333333334,
        0.9584333333333333,
        0.9527333333333333,
        0.9636666666666667,
        0.9489,
        0.9649333333333333,
        0.965,
        0.9689,
        0.9648666666666666,
        0.9633666666666667,
        0.9683333333333334,
        0.9697
      ],
      "single-digit accuracy": [
        0.9849666666666667,
        0.9845333333333333
      ],
      "sat": 0.6858374448660111
    },
    "train_neural": {
      "loss": [
        1.7475784753163655,
        1.136707992299398,
        0.9219736726125082,
        0.8321708000818888,
        0.7550183766365052,
        0.7716984817663829,
        0.5599872966766357,
        0.6599623511711756,
        0.6335188634316127,
        0.5430329898754755,
        0.5705254891435305,
        0.5801955918431282,
        0.48063182356357576,
        0.5583812411606311,
        0.6804821024517218,
        0.6772064802149932,
        0.6062630340019862,
        0.732261438335975,
        0.8549455997228622,
        0.7619474905510744
      ],
      "accuracy": [
        0.36296666666666666,
        0.6095,
        0.738,
        0.8129,
        0.8746,
        0.8947333333333334,
        0.9326333333333333,
        0.9256666666666666,
        0.9291,
        0.9449333333333333,
        0.9404,
        0.9453333333333334,
        0.9542333333333334,
        0.9478666666666666,
        0.9372,
        0.9442,
        0.9534666666666667,
        0.9431666666666667,
        0.9354,
        0.9407
      ],
      "single-digit accuracy": [
        0.0723,
        0.0721
      ]
    }
  },
  "EfficientNet-B3": {
    "train_nesy": {
      "loss": [
        0.862614392832927,
        0.8426499331671934,
        0.838371429950202,
        0.8432038567852799,
        0.6543747200675858,
        0.6321526847923404,
        0.6217529047119639,
        0.6204845570857008,
        0.4679074493749745,
        0.4227320312209625,
        0.42802311783155256,
        0.4151309788749535,
        0.3348644898700696,
        0.34477654396902974,
        0.32733409201174196,
        0.32879193549808183,
        0.3338200804664936,
        0.3293035400859483,
        0.32125134168966957,
        0.3280627202483634
      ],
      "accuracy": [
        0.8135333333333333,
        0.9034666666666666,
        0.9226,
        0.9018333333333334,
        0.8926333333333333,
        0.9338,
        0.9517,
        0.9550666666666666,
        0.9057333333333333,
        0.9519666666666666,
        0.9461333333333334,
        0.9593,
        0.9553333333333334,
        0.9467,
        0.9603,
        0.9592333333333334,
        0.9553333333333334,
        0.9590333333333333,
        0.9640333333333333,
        0.9597
      ],
      "single-digit accuracy": [
        0.9822333333333333,
        0.9813333333333333
      ],
      "sat": 0.67874865831033
    },
    "train_neural": {
      "loss": [
        1.7571191047668457,
        1.1710653192838032,
        0.910776016998291,
        0.8581109162171682,
        0.8403072623411815,
        0.8294700079600016,
        0.7072033197879791,
        0.8444734842061996,
        0.5730824296832084,
        0.5521721586942673,
        0.6354959844549497,
        0.6080481390734513,
        0.5933676216423511,
        0.623032192114989,
        0.6501273679196835,
        0.7824912721355756,
        0.9111897318899631,
        0.7517957927346229,
        0.6707452915092309,
        0.6941521597842375
      ],
      "accuracy": [
        0.3651333333333333,
        0.6151333333333333,
        0.7573333333333333,
        0.8350666666666666,
        0.8661666666666666,
        0.8982333333333333,
        0.9229,
        0.9138333333333334,
        0.9428333333333333,
        0.9467,
        0.9411666666666667,
        0.9488,
        0.9450333333333333,
        0.9456333333333333,
        0.9453333333333334,
        0.9351333333333334,
        0.9285333333333333,
        0.9343333333333333,
        0.9409333333333333,
        0.9425
      ],
      "single-digit accuracy": [
        0.193,
        0.19333333333333333
      ]
    }
  }
}