{
  "MNISTNet_basic": {
    "train_nesy": {
      "loss": [
        0.9273771576726371,
        0.869447370061521,
        0.8469328619011334,
        0.8425611625940997,
        0.6467140457475802,
        0.6366828583897716,
        0.6327459430365291,
        0.6324839802914576,
        0.44519489499395587,
        0.4377198114193022,
        0.4326271377492068,
        0.43222570550507666,
        0.3529227407561166,
        0.35193312240773594,
        0.34727490952234014,
        0.3475425929614571,
        0.3482042760935381,
        0.34488309145976637,
        0.34255748149656595,
        0.34195557035386454
      ],
      "accuracy": [
        0.39236666666666665,
        0.7348333333333333,
        0.8736333333333334,
        0.8973666666666666,
        0.8977666666666667,
        0.9177333333333333,
        0.9243,
        0.9296,
        0.9241,
        0.9341000000000001,
        0.9383,
        0.9399666666666666,
        0.9362,
        0.9381333333333333,
        0.9432666666666667,
        0.9399333333333333,
        0.9426333333333334,
        0.9462666666666667,
        0.9451,
        0.9463333333333334
      ],
      "single-digit accuracy": [
        0.9729333333333334,
        0.9734666666666666
      ],
      "sat": 0.6580444296461359
    },
    "train_neural": {
      "loss": [
        2.2690479443868,
        1.7095398306528726,
        1.5651950421015421,
        1.4579458071390787,
        1.3939955445607504,
        1.346109638849894,
        1.305116493988037,
        1.267276050122579,
        1.2401465564092,
        1.2104031683921814,
        1.184798811562856,
        1.1692756830851236,
        1.147757584444682,
        1.1271749709447225,
        1.1111008642832438,
        1.1058469361305237,
        1.0914052026112875,
        1.0740449822743734,
        1.0517335496266682,
        1.0550191441218058
      ],
      "accuracy": [
        0.18313333333333334,
        0.3108666666666667,
        0.36473333333333335,
        0.4080666666666667,
        0.43366666666666664,
        0.4526,
        0.4789333333333333,
        0.4882,
        0.5058666666666667,
        0.5152333333333333,
        0.5283,
        0.5448,
        0.5528,
        0.5560666666666667,
        0.5712,
        0.5755333333333333,
        0.5810666666666666,
        0.5851,
        0.5929,
        0.5987666666666667
      ],
      "single-digit accuracy": [
        0.051866666666666665,
        0.05093333333333333
      ]
    }
  },
  "EfficientNet-B0": {
    "train_nesy": {
      "loss": [
        0.8691248062939252,
        0.844649403461384,
        0.8379979522516313,
        0.8368811662694928,
        0.6459988278330093,
        0.6275100400537904,
        0.6234816037914912,
        0.6229659808720045,
        0.4303092010169783,
        0.4206045031473175,
        0.42254769133413805,
        0.4093370774728272,
        0.33170952025949413,
        0.32697805170980826,
        0.32219987879515055,
        0.31957407439471075,
        0.33996998642211107,
        0.31792855469789794,
        0.3212206289338422,
        0.31248944776998017
      ],
      "accuracy": [
        0.7815666666666666,
        0.8901,
        0.9263666666666667,
        0.9293666666666667,
        0.9087,
        0.9420666666666667,
        0.9495,
        0.9501333333333334,
        0.9454333333333333,
        0.9548666666666666,
        0.9527,
        0.9649333333333333,
        0.9584666666666667,
        0.9615333333333334,
        0.9646,
        0.9659,
        0.9509333333333333,
        0.9673,
        0.9651666666666666,
        0.9710666666666666
      ],
      "single-digit accuracy": [
        0.9849333333333333,
        0.9860666666666666
      ],
      "sat": 0.6875105522300196
    },
    "train_neural": {
      "loss": [
        1.7490629727045695,
        1.138684254582723,
        0.9636587374687194,
        0.8507470823923746,
        0.7372771632671357,
        0.6843244693597158,
        0.6452483255783716,
        0.7227314542452494,
        0.6792518965641657,
        0.53710208837986,
        0.6420382524808248,
        0.6849420302708944,
        0.8372303075750669,
        0.6609361655076345,
        0.5217884416182836,
        0.5651036133527756,
        0.595698291194439,
        0.6032871237357458,
        0.4323798717300097,
        0.43648868888020514
      ],
      "accuracy": [
        0.3565333333333333,
        0.6026333333333334,
        0.7144,
        0.7945,
        0.8659,
        0.8966666666666666,
        0.9149333333333334,
        0.9149666666666667,
        0.9266,
        0.9452666666666667,
        0.9367,
        0.9378666666666666,
        0.9191,
        0.9404666666666667,
        0.9531,
        0.9491333333333334,
        0.9457,
        0.9461333333333334,
        0.9610666666666666,
        0.9618333333333333
      ],
      "single-digit accuracy": [
        0.0378,
        0.0369
      ]
    }
  },
  "EfficientNet-B3": {
    "train_nesy": {
      "loss": [
        0.8604341082223141,
        0.8498389576688891,
        0.836959628841941,
        0.8365523321013991,
        0.6422803213355418,
        0.6304528206417268,
        0.6183741585503574,
        0.6243829606223851,
        0.4425516414506758,
        0.435043014425948,
        0.4264043412150001,
        0.42354500834532305,
        0.33732207538593945,
        0.3396333000282923,
        0.33113266883488573,
        0.33204889805683263,
        0.341593930870451,
        0.3308373696819246,
        0.3223543370226479,
        0.33206453893457505
      ],
      "accuracy": [
        0.8267333333333333,
        0.8637666666666667,
        0.9289666666666667,
        0.9324333333333333,
        0.9166666666666666,
        0.9363333333333334,
        0.9589333333333333,
        0.9482333333333334,
        0.9322666666666667,
        0.9396,
        0.9481666666666667,
        0.9512333333333334,
        0.9524,
        0.9518333333333333,
        0.957,
        0.9566666666666667,
        0.9497666666666666,
        0.9574666666666667,
        0.9641,
        0.9565
      ],
      "single-digit accuracy": [
        0.9817333333333333,
        0.9816
      ],
      "sat": 0.6776456629773508
    },
    "train_neural": {
      "loss": [
        1.7436302865346274,
        1.129795618947347,
        0.9137297339121501,
        0.8032328531265259,
        0.7635886831919352,
        0.7901833272775014,
        0.6397852761824926,
        0.7574160519520442,
        0.7503623333474,
        0.5473175698637962,
        0.4886567022283872,
        0.9670785934150219,
        0.6418820653041204,
        0.4774032623728116,
        0.9687778276761373,
        1.2153111537973087,
        1.581854150468111,
        0.9729376799205939,
        1.174594651778539,
        1.065968955898285
      ],
      "accuracy": [
        0.36706666666666665,
        0.6295333333333333,
        0.7582333333333333,
        0.8403333333333334,
        0.8857,
        0.8950333333333333,
        0.9307333333333333,
        0.9243,
        0.9296666666666666,
        0.9474333333333333,
        0.9526,
        0.919,
        0.9445,
        0.9593333333333334,
        0.9332666666666667,
        0.9173333333333333,
        0.8906333333333334,
        0.935,
        0.9192,
        0.9259
      ],
      "single-digit accuracy": [
        0.19673333333333334,
        0.1972
      ]
    }
  }
}