{
  "MNISTNet_basic": {
    "train_nesy": {
      "loss": [
        0.19653766, 
        -0.01280951, 
        -0.034367546, 
        -0.044574484, 
        -0.05402076, 
        -0.06170179, 
        -0.06736059, 
        -0.06676327, 
        -0.06728578, 
        -0.07070134, 
        -0.07122262, 
        -0.070871115, 
        -0.07351019, 
        -0.07775365, 
        -0.07546005, 
        -0.07714079, 
        -0.08288657, 
        -0.079824194, 
        -0.08163188, 
        -0.08093811
        ], 
        "accuracy": [
          0.9246, 
          0.9468333333333333, 
          0.9555333333333333, 
          0.9649666666666666, 
          0.9691, 
          0.9744666666666667, 
          0.9733666666666667, 
          0.9774, 
          0.9789, 
          0.9807, 
          0.9802666666666666, 
          0.9827, 
          0.9839333333333333, 
          0.984, 
          0.9845, 
          0.9791333333333333, 
          0.9857333333333334, 
          0.9813666666666667, 
          0.9872666666666666, 
          0.9859333333333333
          ], 
          "single-digit accuracy": [
            0.9936333333333334, 
            0.9935
          ]
    },
    "train_neural": {
      "loss": [
        2.2605315015157066,
        1.6863319498062135,
        1.536303750038147,
        1.4444136426289875,
        1.3850742197036743,
        1.3300526568730673,
        1.2947623666763306,
        1.2641851061503093,
        1.238544921875,
        1.2037003969828288,
        1.177879575284322,
        1.1551221102396647,
        1.1378139944076537,
        1.13172643699646,
        1.1111159225463867,
        1.0916460742314658,
        1.079585953203837,
        1.059044517962138,
        1.0491801880836487,
        1.036153951740265
      ],
      "accuracy": [
        0.18626666666666666,
        0.3289,
        0.3786333333333333,
        0.41733333333333333,
        0.4399,
        0.46373333333333333,
        0.4740333333333333,
        0.49183333333333334,
        0.5067333333333334,
        0.5233333333333333,
        0.5273333333333333,
        0.5402333333333333,
        0.5493,
        0.5574333333333333,
        0.5655666666666667,
        0.5758666666666666,
        0.5795,
        0.5903,
        0.5966333333333333,
        0.6000333333333333
      ],
      "single-digit accuracy": [
        0.060533333333333335,
        0.0621
      ]
    }
  },
  "EfficientNet-B0": {
    "train_nesy": {
      "loss": [
        -0.025232797, 
        -0.07979246, 
        -0.08171322, 
        -0.08725242, 
        -0.087170795, 
        -0.08930172, 
        -0.089741424, 
        -0.09194873, 
        -0.09040184, 
        -0.09358084, 
        -0.093226515, 
        -0.09276499, 
        -0.09389045, 
        -0.09561692, 
        -0.093843035, 
        -0.095750615, 
        -0.095631436, 
        -0.095537044, 
        -0.095672935, 
        -0.097191244
        ], 
        "accuracy": [
          0.9772333333333333, 
          0.9846333333333334, 
          0.9923666666666666, 
          0.9816333333333334, 
          0.9798, 
          0.9867666666666667, 
          0.9920333333333333, 
          0.9854333333333334, 
          0.9907666666666667, 
          0.9924333333333333, 
          0.9939666666666667, 
          0.9941666666666666, 
          0.9924666666666667, 
          0.9934, 
          0.9945, 
          0.9896333333333334, 
          0.9883333333333333, 
          0.9952, 
          0.9949666666666667, 
          0.9948333333333333
          ], 
          "single-digit accuracy": [
            0.9976666666666667, 
            0.9977
          ]
    },
    "train_neural": {
      "loss": [1.7490629727045695, 
      1.138684254582723, 
      0.9636587374687194, 
      0.8507470823923746, 
      0.7372771632671357, 
      0.6843244693597158, 
      0.6452483255783716, 
      0.7227314542452494, 
      0.6792518965641657, 
      0.53710208837986, 
      0.6420382524808248, 
      0.6849420302708944, 
      0.8372303075750669, 
      0.6609361655076345, 
      0.5217884416182836, 
      0.5651036133527756, 
      0.595698291194439, 
      0.6032871237357458, 
      0.4323798717300097, 
      0.43648868888020514],
      "accuracy": [
        0.3565333333333333,
        0.6026333333333334,
        0.7144,
        0.7945, 
        0.8659, 
        0.8966666666666666, 
        0.9149333333333334, 
        0.9149666666666667, 
        0.9266, 
        0.9452666666666667, 
        0.9367,
        0.9378666666666666, 
        0.9191, 
        0.9404666666666667, 
        0.9531, 
        0.9491333333333334, 
        0.9457, 
        0.9461333333333334, 
        0.9610666666666666, 
        0.9618333333333333
    ], 
      "single-digit accuracy": [
        0.0378,
        0.0369
      ]
    }
  },
  "EfficientNet-B3": {
    "train_nesy": {
      "loss": [
        -0.016838836, 
        -0.07843399, 
        -0.08445781, 
        -0.0754642, 
        -0.08829849, 
        -0.0901541, 
        -0.0904755, 
        -0.08946748, 
        -0.09237366, 
        -0.09124029, 
        -0.09140444, 
        -0.09377807, 
        -0.09430264, 
        -0.09421039, 
        -0.09514177, 
        -0.09462854, 
        -0.09368675, 
        -0.096233696, 
        -0.095273666, 
        -0.09714085
        ], 
        "accuracy": [
          0.9622333333333334, 
          0.9879333333333333, 
          0.9813, 
          0.9802666666666666, 
          0.9897, 
          0.9886666666666667, 
          0.9908666666666667, 
          0.9908333333333333, 
          0.9066666666666666, 
          0.9927333333333334, 
          0.9949666666666667, 
          0.9940666666666667, 
          0.9930333333333333, 
          0.992, 
          0.9939333333333333, 
          0.9944333333333333, 
          0.9964666666666666, 
          0.9958666666666667, 
          0.9883333333333333, 
          0.9905333333333334
          ], 
          "single-digit accuracy": [
            0.9984666666666666, 
            0.9979666666666667
          ]
    },
    "train_neural": {
      "loss": [
        1.755229648399353, 
        1.1355134784698486, 
        0.9117352965354919, 
        0.8575200861930847, 
        0.8121142584323883, 
        0.80362618877093, 
        0.6855260381380717, 
        0.6836023975570996, 
        0.6212077115138371, 
        0.6154003118276596, 
        0.5372319087425868, 
        0.6838752784709136, 
        0.7616086548407872, 
        0.5589989110867183, 
        0.7021448831101259, 
        0.8158120835900307, 
        0.6658563463270665, 
        0.7214299715836843, 
        0.79295795160532, 
        0.9342550779740015
        ], 
        "accuracy": [
          0.36183333333333334, 
          0.6206333333333334, 
          0.7649333333333334, 
          0.8300333333333333, 
          0.8877, 
          0.9036, 
          0.9211, 
          0.9318333333333333, 
          0.9357666666666666, 
          0.9396666666666667, 
          0.9485333333333333, 
          0.9363333333333334, 
          0.9295666666666667, 
          0.9511666666666667, 
          0.9395, 
          0.9306333333333333, 
          0.9415666666666667, 
          0.9467333333333333, 
          0.9374, 
          0.9342
        ], 
        "single-digit accuracy": [
          0.1968, 
          0.19653333333333334
        ]
    }
  }
}