{
  "MNISTNet_basic": {
    "train_nesy": {
      "loss": [
        1.3770184492111206,
        0.40277122470537824,
        0.30678663612206775,
        0.24736145378947258,
        0.20957528996070227,
        0.18655092760150632,
        0.16488352966035405,
        0.15540103072623412,
        0.140093986188372,
        0.13928667575766643,
        0.1346691732664903,
        0.13386559949020543,
        0.11039098437229793,
        0.10620955369447668,
        0.11150387929876646,
        0.10907222951253255,
        0.09891389502510428,
        0.09558072496888538,
        0.08709366303657493,
        0.08899713700239857
      ],
      "accuracy": [
        0.869,
        0.915,
        0.935,
        0.947,
        0.954,
        0.953,
        0.96,
        0.962,
        0.961,
        0.964,
        0.967,
        0.97,
        0.972,
        0.968,
        0.973,
        0.978,
        0.974,
        0.978,
        0.976,
        0.977
      ],
      "single-digit accuracy": [
        0.99115,
        0.99115
      ]
    },
    "train_neural": {
      "loss": [
        2.263057205327352,
        1.702443731180827,
        1.544811140569051,
        1.4403489735921224,
        1.3836752508799235,
        1.3307019702911378,
        1.2903156384150187,
        1.2652175547917683,
        1.2298552861531575,
        1.213889030679067,
        1.1765963924407958,
        1.157889809735616,
        1.1321319467544555,
        1.1168510351181031,
        1.1223339836120605,
        1.096613908068339,
        1.0846356201807659,
        1.0741998156865438,
        1.064989406077067,
        1.0510939964930217
      ],
      "accuracy": [
        0.18446666666666667,
        0.3245,
        0.3784,
        0.4178,
        0.44266666666666665,
        0.4640666666666667,
        0.48156666666666664,
        0.4924,
        0.5083333333333333,
        0.5190333333333333,
        0.5312333333333333,
        0.5344,
        0.5512666666666667,
        0.5593333333333333,
        0.5626333333333333,
        0.5707333333333333,
        0.5805666666666667,
        0.5852666666666667,
        0.5886,
        0.5954
      ],
      "single-digit accuracy": [
        0.0472,
        0.0475
      ]
    }
  },
  "EfficientNet-B0": {
    "train_nesy": {
      "loss": [
        0.36104897316445905,
        0.09994218876461188,
        0.07145326730683446,
        0.06499153122175486,
        0.045491692241095005,
        0.04951456248865773,
        0.04547189419899757,
        0.04471701822501297,
        0.03314191090638439,
        0.032264097198393814,
        0.0349248736141948,
        0.031580503152233236,
        0.029231217486370586,
        0.020223125852120574,
        0.02071274747970747,
        0.028013297538567954,
        0.021734098905841045,
        0.016778148533330144,
        0.020952122446948974,
        0.019004682782952052
      ],
      "accuracy": [
        0.972,
        0.981,
        0.984,
        0.991,
        0.99,
        0.994,
        0.992,
        0.991,
        0.994,
        0.992,
        0.99,
        0.995,
        0.998,
        0.992,
        0.994,
        0.996,
        0.994,
        0.995,
        0.992,
        0.998
      ],
      "single-digit accuracy": [
        0.99595,
        0.99595]
    },
    "train_neural": {
      "loss": [1.7490629727045695, 
        1.138684254582723, 
        0.9636587374687194, 
        0.8507470823923746, 
        0.7372771632671357, 
        0.6843244693597158, 
        0.6452483255783716, 
        0.7227314542452494, 
        0.6792518965641657, 
        0.53710208837986, 
        0.6420382524808248, 
        0.6849420302708944, 
        0.8372303075750669, 
        0.6609361655076345, 
        0.5217884416182836, 
        0.5651036133527756, 
        0.595698291194439, 
        0.6032871237357458, 
        0.4323798717300097, 
        0.43648868888020514
      ],
      "accuracy": [
        0.3565333333333333,
        0.6026333333333334,
        0.7144,
        0.7945, 
        0.8659, 
        0.8966666666666666, 
        0.9149333333333334, 
        0.9149666666666667, 
        0.9266, 
        0.9452666666666667, 
        0.9367,
        0.9378666666666666, 
        0.9191, 
        0.9404666666666667, 
        0.9531, 
        0.9491333333333334, 
        0.9457, 
        0.9461333333333334, 
        0.9610666666666666, 
        0.9618333333333333
      ], 
      "single-digit accuracy": [
        0.0378,
        0.0369
        ]
    }
  },
  "EfficientNet-B3": {
    "train_nesy": {
      "loss": [
        0.36510430507535735,
        0.09830664806266626,
        0.06671564548077683,
        0.053997067555661006,
        0.042195093080649775,
        0.04353658044065038,
        0.04104977374390389,
        0.03193730224452447,
        0.030534029051909845,
        0.027910367572757725,
        0.030994795167562553,
        0.030427642829778292,
        0.022122950871121913,
        0.02881772330167975,
        0.019068989718474524,
        0.02223110379186498,
        0.02280494722047588,
        0.016341189727105666,
        0.01965212551811419,
        0.019094634806089257
      ],
      "accuracy": [
        0.965,
        0.949,
        0.989,
        0.99,
        0.993,
        0.976,
        0.989,
        0.994,
        0.992,
        0.99,
        0.991,
        0.992,
        0.993,
        0.994,
        0.996,
        0.987,
        0.998,
        0.997,
        0.994,
        0.998
      ],
      "single-digit accuracy": [
        0.99625,
        0.99625
      ]
    },
    "train_neural": {
      "loss": [
        1.755229648399353, 
        1.1355134784698486, 
        0.9117352965354919, 
        0.8575200861930847, 
        0.8121142584323883, 
        0.80362618877093, 
        0.6855260381380717, 
        0.6836023975570996, 
        0.6212077115138371, 
        0.6154003118276596, 
        0.5372319087425868, 
        0.6838752784709136, 
        0.7616086548407872, 
        0.5589989110867183, 
        0.7021448831101259, 
        0.8158120835900307, 
        0.6658563463270665, 
        0.7214299715836843, 
        0.79295795160532, 
        0.9342550779740015
      ], 
      "accuracy": [
        0.36183333333333334, 
        0.6206333333333334, 
        0.7649333333333334, 
        0.8300333333333333, 
        0.8877, 
        0.9036, 
        0.9211, 
        0.9318333333333333, 
        0.9357666666666666, 
        0.9396666666666667, 
        0.9485333333333333, 
        0.9363333333333334, 
        0.9295666666666667, 
        0.9511666666666667, 
        0.9395, 
        0.9306333333333333, 
        0.9415666666666667, 
        0.9467333333333333, 
        0.9374, 
        0.9342
      ], 
      "single-digit accuracy": [
        0.1968, 
        0.19653333333333334
      ]
    }
  }
}