{
  "MNISTNet_basic": {
    "train_nesy": {
      "loss": [
        1.3770184492111206,
        0.40277122470537824,
        0.30678663612206775,
        0.24736145378947258,
        0.20957528996070227,
        0.18655092760150632,
        0.16488352966035405,
        0.15540103072623412,
        0.140093986188372,
        0.13928667575766643,
        0.1346691732664903,
        0.13386559949020543,
        0.11039098437229793,
        0.10620955369447668,
        0.11150387929876646,
        0.10907222951253255,
        0.09891389502510428,
        0.09558072496888538,
        0.08709366303657493,
        0.08899713700239857
      ],
      "accuracy": [
        0.869,
        0.915,
        0.935,
        0.947,
        0.954,
        0.953,
        0.96,
        0.962,
        0.961,
        0.964,
        0.967,
        0.97,
        0.972,
        0.968,
        0.973,
        0.978,
        0.974,
        0.978,
        0.976,
        0.977
      ],
      "single-digit accuracy": [
        0.99115,
        0.99115
      ]
    },
    "train_neural": {
      "loss": [
        2.263057205327352,
        1.702443731180827,
        1.544811140569051,
        1.4403489735921224,
        1.3836752508799235,
        1.3307019702911378,
        1.2903156384150187,
        1.2652175547917683,
        1.2298552861531575,
        1.213889030679067,
        1.1765963924407958,
        1.157889809735616,
        1.1321319467544555,
        1.1168510351181031,
        1.1223339836120605,
        1.096613908068339,
        1.0846356201807659,
        1.0741998156865438,
        1.064989406077067,
        1.0510939964930217
      ],
      "accuracy": [
        0.18446666666666667,
        0.3245,
        0.3784,
        0.4178,
        0.44266666666666665,
        0.4640666666666667,
        0.48156666666666664,
        0.4924,
        0.5083333333333333,
        0.5190333333333333,
        0.5312333333333333,
        0.5344,
        0.5512666666666667,
        0.5593333333333333,
        0.5626333333333333,
        0.5707333333333333,
        0.5805666666666667,
        0.5852666666666667,
        0.5886,
        0.5954
      ],
      "single-digit accuracy": [
        0.0472,
        0.0475
      ]
    }
  },
  "EfficientNet-B0": {
    "train_nesy": {
      "loss": [
        0.3479510793869694,
        0.10525383796269695,
        0.0688560432628418,
        0.0602514014814049,
        0.05514576056140164,
        0.05335445012077689,
        0.03615050828351329,
        0.032141344550686575,
        0.037169766662277594,
        0.03178228512819235,
        0.03220486505407219,
        0.02675954634891047,
        0.026732947496495522,
        0.033614440434689946,
        0.016161340879677057,
        0.024783593940346814,
        0.025252092419514278,
        0.022018114996616107,
        0.012431817775442808,
        0.020532432926428736
      ],
      "accuracy": [
        0.966,
        0.976,
        0.985,
        0.986,
        0.983,
        0.992,
        0.986,
        0.993,
        0.987,
        0.994,
        0.984,
        0.986,
        0.993,
        0.993,
        0.995,
        0.988,
        0.995,
        0.996,
        0.996,
        0.994
      ],
      "single-digit accuracy": [
        0.9938333333333333,
        0.9938333333333333
      ]
    },
    "train_neural": {
      "loss": [
        1.7811142797470092,
        1.154737738164266,
        0.9557035459518433,
        0.8373851159413656,
        0.7393922901630402,
        0.676077084072431,
        0.7203787796735763,
        0.6129437031110128,
        0.7143061838944753,
        0.6919548374414444,
        0.7513879056572914,
        0.6207216534217199,
        0.5197726861198744,
        0.4893856229007244,
        0.8602522538681825,
        0.9314690053840479,
        0.7516146934191386,
        1.0718028166691462,
        0.7659728623906772,
        0.7995189514259498
      ],
      "accuracy": [
        0.3508,
        0.5967,
        0.7182,
        0.8015333333333333,
        0.8683333333333333,
        0.8997333333333334,
        0.9074666666666666,
        0.9238666666666666,
        0.9224333333333333,
        0.9325666666666667,
        0.9267333333333333,
        0.9417666666666666,
        0.9499333333333333,
        0.9512333333333334,
        0.9275333333333333,
        0.9235333333333333,
        0.9346666666666666,
        0.9198666666666667,
        0.9426333333333333,
        0.9390666666666667
      ],
      "single-digit accuracy": [
        0.0399,
        0.0392
      ]
    }
  },
  "EfficientNet-B3": {
    "train_nesy": {
      "loss": [
        0.3816202138960362,
        0.09229937825202941,
        0.06692893596794457,
        0.04804396500146638,
        0.05199991472251713,
        0.03260041268927356,
        0.03568523212206007,
        0.0503595939339449,
        0.03901044588030005,
        0.028583925426386606,
        0.022645166094143254,
        0.032674462794939366,
        0.02692474445361489,
        0.021769344753865154,
        0.03138659392190166,
        0.021602576162603995,
        0.028018765029784603,
        0.014829526976406729,
        0.01564120589970456,
        0.014031498076881204
      ],
      "accuracy": [
        0.975,
        0.984,
        0.978,
        0.99,
        0.992,
        0.992,
        0.992,
        0.986,
        0.993,
        0.994,
        0.996,
        0.995,
        0.994,
        0.992,
        0.995,
        0.991,
        0.992,
        0.997,
        0.996,
        0.997
      ],
      "single-digit accuracy": [
        0.9956333333333334,
        0.9956333333333334
      ]
    },
    "train_neural": {
      "loss": [
        1.740944824409485,
        1.1469945997873943,
        0.9374231492678324,
        0.8466962948799134,
        0.8720472405751546,
        0.7585992954095204,
        0.7409238331635793,
        0.7932174585580826,
        0.6128621909300487,
        0.6464449744145075,
        0.9862660617947578,
        0.7168191284477711,
        0.819597730020682,
        0.8062499789873759,
        0.629475596221288,
        0.8004926218549411,
        0.6325889841695627,
        0.5695868772765,
        0.7543915996789933,
        0.5635268916567167
      ],
      "accuracy": [
        0.3621333333333333,
        0.6226333333333334,
        0.7520666666666667,
        0.8320666666666666,
        0.8685666666666667,
        0.9048333333333334,
        0.9149666666666667,
        0.9225,
        0.9379666666666666,
        0.9346333333333333,
        0.9103333333333333,
        0.9393,
        0.9281,
        0.9323,
        0.9453,
        0.9355333333333333,
        0.9482,
        0.9529666666666666,
        0.9363,
        0.9534
      ],
      "single-digit accuracy": [
        0.19403333333333334,
        0.19396666666666668
      ]
    }
  }
}