{
  "MNISTNet_basic": {
    "train_nesy": {
      "loss": [
        1.5060490491072336,
        0.31093688366015754,
        0.23125372122923532,
        0.19123175167342027,
        0.16674415362055103,
        0.14765929826845725,
        0.13488651850000025,
        0.1273564170812567,
        0.12106670278310776,
        0.1099770281605733,
        0.1034431853355219,
        0.10017190139368176,
        0.09615209725648165,
        0.0910071566527399,
        0.0910840430819119,
        0.08279869819699476,
        0.08378048517548789,
        0.07685634985125313,
        0.08204075176042194,
        0.07272306277273843
      ],
      "accuracy": [
        0.5103666666666666,
        0.9192,
        0.9409666666666666,
        0.9516666666666667,
        0.9573666666666667,
        0.962,
        0.9647,
        0.9660333333333333,
        0.9679333333333333,
        0.9703,
        0.9715333333333334,
        0.9729666666666666,
        0.9736333333333334,
        0.9750666666666666,
        0.9750333333333333,
        0.9774,
        0.9766,
        0.9792,
        0.9778,
        0.9803666666666667
      ],
      "single-digit accuracy": [
        0.9896333333333334,
        0.9904666666666667
      ]
    },
    "train_neural": {
      "loss": [
        2.2605315015157066,
        1.6863319498062135,
        1.536303750038147,
        1.4444136426289875,
        1.3850742197036743,
        1.3300526568730673,
        1.2947623666763306,
        1.2641851061503093,
        1.238544921875,
        1.2037003969828288,
        1.177879575284322,
        1.1551221102396647,
        1.1378139944076537,
        1.13172643699646,
        1.1111159225463867,
        1.0916460742314658,
        1.079585953203837,
        1.059044517962138,
        1.0491801880836487,
        1.036153951740265
      ],
      "accuracy": [
        0.18626666666666666,
        0.3289,
        0.3786333333333333,
        0.41733333333333333,
        0.4399,
        0.46373333333333333,
        0.4740333333333333,
        0.49183333333333334,
        0.5067333333333334,
        0.5233333333333333,
        0.5273333333333333,
        0.5402333333333333,
        0.5493,
        0.5574333333333333,
        0.5655666666666667,
        0.5758666666666666,
        0.5795,
        0.5903,
        0.5966333333333333,
        0.6000333333333333
      ],
      "single-digit accuracy": [
        0.060533333333333335,
        0.0621
      ]
    }
  },
  "EfficientNet-B0": {
    "train_nesy": {
      "loss": [
        0.2757283971142024, 
        0.08146975160948933, 
        0.064204520388258, 
        0.050987352834820435, 
        0.04983405179434146, 
        0.04307285521810797, 
        0.0416639894556875, 
        0.034469709823839366, 
        0.03095123632995722, 
        0.029259578661457637, 
        0.024307847967922378, 
        0.028167456316191237, 
        0.019814789481717162, 
        0.017562634753227273, 
        0.0211697668480163, 
        0.018759536733445322, 
        0.014875176797969228, 
        0.015771848903603194, 
        0.016214812837810313, 
        0.00989880100764276], 
        "accuracy": [
          0.9216, 
          0.9777333333333333, 
          0.9816666666666667, 
          0.9855, 
          0.9853666666666666, 
          0.9875333333333334, 
          0.9878666666666667, 
          0.9905, 
          0.9902666666666666, 
          0.9907333333333334, 
          0.9924333333333333, 
          0.9912, 
          0.9944, 
          0.9951333333333333, 
          0.9938333333333333, 
          0.9945, 
          0.9958666666666667, 
          0.9955333333333334, 
          0.9949, 
          0.9971333333333333
          ], 
          "single-digit accuracy": [
            0.9983, 
            0.9987666666666667
          ]
    },
    "train_neural": {
      "loss": [1.7490629727045695, 
        1.138684254582723, 
        0.9636587374687194, 
        0.8507470823923746, 
        0.7372771632671357, 
        0.6843244693597158, 
        0.6452483255783716, 
        0.7227314542452494, 
        0.6792518965641657, 
        0.53710208837986, 
        0.6420382524808248, 
        0.6849420302708944, 
        0.8372303075750669, 
        0.6609361655076345, 
        0.5217884416182836, 
        0.5651036133527756, 
        0.595698291194439, 
        0.6032871237357458, 
        0.4323798717300097, 
        0.43648868888020514
      ],
      "accuracy": [
        0.3565333333333333,
        0.6026333333333334,
        0.7144,
        0.7945, 
        0.8659, 
        0.8966666666666666, 
        0.9149333333333334, 
        0.9149666666666667, 
        0.9266, 
        0.9452666666666667, 
        0.9367,
        0.9378666666666666, 
        0.9191, 
        0.9404666666666667, 
        0.9531, 
        0.9491333333333334, 
        0.9457, 
        0.9461333333333334, 
        0.9610666666666666, 
        0.9618333333333333
      ], 
      "single-digit accuracy": [
        0.0378,
        0.0369
        ]
    }
  },
  "EfficientNet-B3": {
    "train_nesy": {
      "loss": [
        0.3174963014463584, 
        0.08002234656304742, 
        0.06192297995865034, 
        0.058021457773835085, 
        0.046380848702245084, 
        0.042572955460768815, 
        0.03891705748500923, 
        0.03577754760044627, 
        0.03238616617564888, 
        0.02740778514120029, 
        0.025510578449656412, 
        0.023433913581127612, 
        0.018344882627206002, 
        0.021235625457282487, 
        0.014164049549235884, 
        0.018308607965494352, 
        0.01598047316474743, 
        0.014757865063395973, 
        0.010305684319805004, 
        0.01448641924377686
        ], 
        "accuracy": [
          0.9064, 
          0.9776666666666667, 
          0.9828666666666667, 
          0.9838, 
          0.9876, 
          0.9887, 
          0.9890333333333333, 
          0.9895333333333334, 
          0.9914333333333334, 
          0.9923333333333333, 
          0.9925, 
          0.9934, 
          0.9946333333333334, 
          0.9934666666666667, 
          0.9953666666666666, 
          0.9947333333333334, 
          0.9952666666666666, 
          0.9957333333333334, 
          0.9969333333333333, 
          0.9958
          ], 
          "single-digit accuracy": [
            0.9986, 
            0.9982666666666666
          ]
    },
    "train_neural": {
      "loss": [
        1.755229648399353, 
        1.1355134784698486, 
        0.9117352965354919, 
        0.8575200861930847, 
        0.8121142584323883, 
        0.80362618877093, 
        0.6855260381380717, 
        0.6836023975570996, 
        0.6212077115138371, 
        0.6154003118276596, 
        0.5372319087425868, 
        0.6838752784709136, 
        0.7616086548407872, 
        0.5589989110867183, 
        0.7021448831101259, 
        0.8158120835900307, 
        0.6658563463270665, 
        0.7214299715836843, 
        0.79295795160532, 
        0.9342550779740015
      ], 
      "accuracy": [
        0.36183333333333334, 
        0.6206333333333334, 
        0.7649333333333334, 
        0.8300333333333333, 
        0.8877, 
        0.9036, 
        0.9211, 
        0.9318333333333333, 
        0.9357666666666666, 
        0.9396666666666667, 
        0.9485333333333333, 
        0.9363333333333334, 
        0.9295666666666667, 
        0.9511666666666667, 
        0.9395, 
        0.9306333333333333, 
        0.9415666666666667, 
        0.9467333333333333, 
        0.9374, 
        0.9342
      ], 
      "single-digit accuracy": [
        0.1968, 
        0.19653333333333334
      ]
    }
  }
}