{
  "MNISTNet_basic": {
    "train_nesy": {
      "loss": [
        1.5060490491072336,
        0.31093688366015754,
        0.23125372122923532,
        0.19123175167342027,
        0.16674415362055103,
        0.14765929826845725,
        0.13488651850000025,
        0.1273564170812567,
        0.12106670278310776,
        0.1099770281605733,
        0.1034431853355219,
        0.10017190139368176,
        0.09615209725648165,
        0.0910071566527399,
        0.0910840430819119,
        0.08279869819699476,
        0.08378048517548789,
        0.07685634985125313,
        0.08204075176042194,
        0.07272306277273843
      ],
      "accuracy": [
        0.5103666666666666,
        0.9192,
        0.9409666666666666,
        0.9516666666666667,
        0.9573666666666667,
        0.962,
        0.9647,
        0.9660333333333333,
        0.9679333333333333,
        0.9703,
        0.9715333333333334,
        0.9729666666666666,
        0.9736333333333334,
        0.9750666666666666,
        0.9750333333333333,
        0.9774,
        0.9766,
        0.9792,
        0.9778,
        0.9803666666666667
      ],
      "single-digit accuracy": [
        0.9896333333333334,
        0.9904666666666667
      ]
    },
    "train_neural": {
      "loss": [
        2.2605315015157066,
        1.6863319498062135,
        1.536303750038147,
        1.4444136426289875,
        1.3850742197036743,
        1.3300526568730673,
        1.2947623666763306,
        1.2641851061503093,
        1.238544921875,
        1.2037003969828288,
        1.177879575284322,
        1.1551221102396647,
        1.1378139944076537,
        1.13172643699646,
        1.1111159225463867,
        1.0916460742314658,
        1.079585953203837,
        1.059044517962138,
        1.0491801880836487,
        1.036153951740265
      ],
      "accuracy": [
        0.18626666666666666,
        0.3289,
        0.3786333333333333,
        0.41733333333333333,
        0.4399,
        0.46373333333333333,
        0.4740333333333333,
        0.49183333333333334,
        0.5067333333333334,
        0.5233333333333333,
        0.5273333333333333,
        0.5402333333333333,
        0.5493,
        0.5574333333333333,
        0.5655666666666667,
        0.5758666666666666,
        0.5795,
        0.5903,
        0.5966333333333333,
        0.6000333333333333
      ],
      "single-digit accuracy": [
        0.060533333333333335,
        0.0621
      ]
    }
  },
  "EfficientNet-B0": {
    "train_nesy": {
      "loss": [
        0.26397250780537723,
        0.08151288595770796,
        0.06475750467355053,
        0.05448743687140135,
        0.047595821339062726,
        0.04140268510890504,
        0.04426864420061465,
        0.02926420415560715,
        0.028798124287921625,
        0.03113310526808297,
        0.02512317919570681,
        0.023241236209477455,
        0.019778594416896035,
        0.020435793828453945,
        0.01951538100076529,
        0.017553841920915875,
        0.016365055430065452,
        0.01277369944434613,
        0.013823066480199729,
        0.016712214640987804
      ],
      "accuracy": [
        0.9236333333333333,
        0.9768333333333333,
        0.9814666666666667,
        0.9838,
        0.9860666666666666,
        0.9870333333333333,
        0.9869,
        0.9916,
        0.9912666666666666,
        0.9914,
        0.9925,
        0.9934333333333333,
        0.9939,
        0.9941666666666666,
        0.9942,
        0.9942333333333333,
        0.9946333333333334,
        0.996,
        0.9964,
        0.9952666666666666
      ],
      "single-digit accuracy": [
        0.9982,
        0.9982666666666666
      ]
    },
    "train_neural": {
      "loss": [
        1.7678369915008545,
        1.1356156198819478,
        0.9611138679504394,
        0.8229687045415243,
        0.7493110269069672,
        0.7099568039735158,
        0.696357950091362,
        0.698229655178388,
        0.5974592813968659,
        0.6666348152915637,
        0.7354884351452192,
        0.6216166053652763,
        0.5899713848789533,
        0.49054224600990615,
        0.7107879692554474,
        0.5051484928786755,
        0.6486162965337435,
        0.5904976052204768,
        0.5592398416320483,
        0.49799069402913254
      ],
      "accuracy": [
        0.3566666666666667,
        0.6031,
        0.7247666666666667,
        0.8167666666666666,
        0.8753333333333333,
        0.8990333333333334,
        0.9194,
        0.9223333333333333,
        0.9365666666666667,
        0.9336,
        0.9336666666666666,
        0.9434333333333333,
        0.9395,
        0.9551666666666667,
        0.9346333333333333,
        0.9563,
        0.9438333333333333,
        0.9489666666666666,
        0.9523,
        0.9565666666666667
      ],
      "single-digit accuracy": [
        0.04526666666666666,
        0.0497
      ]
    }
  },
  "EfficientNet-B3": {
    "train_nesy": {
      "loss": [
        0.2778810262830307,
        0.08173314180355519,
        0.05893482438766708,
        0.04965000047190891,
        0.05097540688157703,
        0.042993292860127985,
        0.03415657113704365,
        0.031556907068557724,
        0.03289687599157139,
        0.02813159112771585,
        0.02564479258500505,
        0.021552780052449087,
        0.01920261952143434,
        0.020596780159223515,
        0.017469270964100725,
        0.018132181319928106,
        0.01661391177002806,
        0.012738156665843174,
        0.011459435184887843,
        0.013719522458848466
      ],
      "accuracy": [
        0.9217,
        0.9775,
        0.9831,
        0.9861,
        0.9864333333333334,
        0.9879666666666667,
        0.9906333333333334,
        0.991,
        0.9899666666666667,
        0.9914,
        0.9927666666666667,
        0.9940666666666667,
        0.9943,
        0.9936333333333334,
        0.9953,
        0.9949,
        0.9950666666666667,
        0.9967,
        0.9967,
        0.9967666666666667
      ],
      "single-digit accuracy": [
        0.9985333333333334,
        0.9983666666666666
      ]
    },
    "train_neural": {
      "loss": [
        1.7610901720046996,
        1.122438125483195,
        0.9655325674374898,
        1.019112717072169,
        0.787257090695699,
        0.7181333152691524,
        0.9045953522443771,
        1.1229952342271805,
        0.9294195491989453,
        1.0099915708541871,
        0.9813840398510297,
        0.8165241251349449,
        0.6513829434017341,
        0.7557024684786796,
        1.4586339605251948,
        0.6073019088506698,
        1.3371756104330221,
        0.6515829715311527,
        0.7085768496950468,
        0.772564455529054
      ],
      "accuracy": [
        0.3612,
        0.6273333333333333,
        0.7357333333333334,
        0.8082333333333334,
        0.8780333333333333,
        0.9108333333333334,
        0.8963,
        0.9013,
        0.9166666666666666,
        0.9044666666666666,
        0.9079,
        0.9329,
        0.9421,
        0.9279333333333334,
        0.8784,
        0.9495,
        0.9060666666666667,
        0.9463,
        0.9421333333333334,
        0.9358666666666666
      ],
      "single-digit accuracy": [
        0.1244,
        0.12393333333333334
      ]
    }
  }
}