{
  "MNISTNet_basic": {
    "train_nesy": {
      "loss": [
        1.0148595571517944,
        0.31482014060020447,
        0.23338687419891357,
        0.1915534883737564,
        0.16218313574790955,
        0.14741632342338562,
        0.13405276834964752,
        0.12425842881202698,
        0.11311102658510208,
        0.11377447843551636,
        0.10080869495868683,
        0.09600711613893509,
        0.09264520555734634,
        0.08748804032802582,
        0.08588939905166626,
        0.07648128271102905,
        0.07736612856388092,
        0.07897837460041046,
        0.07104109227657318,
        0.06766942888498306
      ],
      "accuracy": [
        0.6801999807357788,
        0.9176666736602783,
        0.9408000111579895,
        0.951533317565918,
        0.9587000012397766,
        0.9614333510398865,
        0.9649333357810974,
        0.9672666788101196,
        0.9700999855995178,
        0.9700666666030884,
        0.9724000096321106,
        0.9737666845321655,
        0.9739999771118164,
        0.9765666723251343,
        0.9766666889190674,
        0.9774333238601685,
        0.978866696357727,
        0.9776666760444641,
        0.9800999760627747,
        0.9814666509628296
      ],
      "single-digit accuracy": [
        0.991433322429657,
        0.9899333119392395
      ]
    },
    "train_neural": {
      "loss": [
        2.4758565425872803,
        1.8122652769088745,
        1.6073142290115356,
        1.4878109693527222,
        1.4072208404541016,
        1.3446537256240845,
        1.29412043094635,
        1.2511528730392456,
        1.22087824344635,
        1.1904562711715698,
        1.1606230735778809,
        1.1342904567718506,
        1.1189031600952148,
        1.1036181449890137,
        1.0965110063552856,
        1.0695960521697998,
        1.0553911924362183,
        1.0468010902404785,
        1.0312498807907104,
        1.026289701461792
      ],
      "accuracy": [
        0.14696666598320007,
        0.2819666564464569,
        0.35216665267944336,
        0.3971000015735626,
        0.4270666539669037,
        0.4544000029563904,
        0.475766658782959,
        0.5008666515350342,
        0.5160999894142151,
        0.526033341884613,
        0.5374666452407837,
        0.5533666610717773,
        0.5607666373252869,
        0.5674333572387695,
        0.5728999972343445,
        0.579200029373169,
        0.5885999798774719,
        0.5963333249092102,
        0.5996333360671997,
        0.6060666441917419
      ],
      "single-digit accuracy": [
        0.19136667251586914,
        0.19036667048931122
      ]
    }
  },
  "EfficientNet-B0": {
    "train_nesy": {
      "loss": [
        0.233381450176239,
        0.07348430156707764,
        0.05688745155930519,
        0.0493549220263958,
        0.04656228423118591,
        0.033271752297878265,
        0.030999230220913887,
        0.026474546641111374,
        0.027449434623122215,
        0.024516165256500244,
        0.02376851998269558,
        0.020132482051849365,
        0.01635349914431572,
        0.017924949526786804,
        0.014169842004776001,
        0.015823617577552795,
        0.01479008886963129,
        0.010019952431321144,
        0.01697833463549614,
        0.010458001866936684
      ],
      "accuracy": [
        0.9310666918754578,
        0.9781666398048401,
        0.9836000204086304,
        0.9857333302497864,
        0.986133337020874,
        0.9901000261306763,
        0.9908000230789185,
        0.9918000102043152,
        0.9918666481971741,
        0.992733359336853,
        0.9930333495140076,
        0.9940333366394043,
        0.9944333434104919,
        0.9943333268165588,
        0.9955333471298218,
        0.9958333373069763,
        0.9952999949455261,
        0.9969000220298767,
        0.9949666857719421,
        0.9968000054359436
      ],
      "single-digit accuracy": [
        0.998533308506012,
        0.99836665391922
      ]
    },
    "train_neural": {
      "loss": [
        1.9181466102600098,
        1.2054075002670288,
        0.9520499110221863,
        0.8338690996170044,
        0.7672675848007202,
        0.627346396446228,
        0.5876061916351318,
        0.8426513671875,
        0.5348618626594543,
        0.6226417422294617,
        0.4952107071876526,
        0.6023107171058655,
        0.749741792678833,
        0.4454749822616577,
        0.5723609924316406,
        0.48887988924980164,
        0.5698208212852478,
        0.4366854131221771,
        0.4525429904460907,
        0.5261030197143555
      ],
      "accuracy": [
        0.30506667494773865,
        0.5647000074386597,
        0.7166333198547363,
        0.8207666873931885,
        0.8607000112533569,
        0.9086666703224182,
        0.9191666841506958,
        0.8977000117301941,
        0.9365333318710327,
        0.9298666715621948,
        0.9459999799728394,
        0.9309666752815247,
        0.9268333315849304,
        0.9520333409309387,
        0.9430333375930786,
        0.9472666382789612,
        0.9453333616256714,
        0.956766664981842,
        0.9546999931335449,
        0.9463666677474976
      ],
      "single-digit accuracy": [
        0.20276667177677155,
        0.20333333313465118
      ]
    }
  },
  "EfficientNet-B3": {
    "train_nesy": {
      "loss": [
        0.25546908378601074,
        0.09426065534353256,
        0.06347428262233734,
        0.04888691008090973,
        0.0456138476729393,
        0.04465213790535927,
        0.04731341078877449,
        0.0300238449126482,
        0.02729089744389057,
        0.0265046339482069,
        0.025776175782084465,
        0.023638112470507622,
        0.020791469141840935,
        0.020747320726513863,
        0.01655684784054756,
        0.01736198179423809,
        0.01643529161810875,
        0.013569983653724194,
        0.015007835812866688,
        0.012136225588619709
      ],
      "accuracy": [
        0.9273999929428101,
        0.9748666882514954,
        0.9824000000953674,
        0.9860666394233704,
        0.9868999719619751,
        0.9875666499137878,
        0.9865333437919617,
        0.9913333058357239,
        0.9922333359718323,
        0.9926666617393494,
        0.9929666519165039,
        0.9935333132743835,
        0.9944666624069214,
        0.9938666820526123,
        0.9953666925430298,
        0.9951666593551636,
        0.9955333471298218,
        0.9960333108901978,
        0.9953333139419556,
        0.9965333342552185
      ],
      "single-digit accuracy": [
        0.9983333349227905,
        0.9980999827384949
      ]
    },
    "train_neural": {
      "loss": [
        1.9640074968338013,
        1.2142956256866455,
        1.006210446357727,
        0.8392390012741089,
        0.8296864032745361,
        0.6603272557258606,
        0.521101713180542,
        0.7796844244003296,
        0.666347861289978,
        0.44162803888320923,
        0.8546279668807983,
        0.9859288334846497,
        1.1296250820159912,
        0.6679558157920837,
        0.6252292394638062,
        0.6963168978691101,
        0.8533630967140198,
        1.0355209112167358,
        0.8771042823791504,
        0.8270544409751892
      ],
      "accuracy": [
        0.29030001163482666,
        0.565833330154419,
        0.7058666944503784,
        0.8138999938964844,
        0.8529333472251892,
        0.9011333584785461,
        0.9346666932106018,
        0.9090333580970764,
        0.9211666584014893,
        0.9507333040237427,
        0.9174333214759827,
        0.9043999910354614,
        0.8917666673660278,
        0.9379666447639465,
        0.944266676902771,
        0.9338666796684265,
        0.92330002784729,
        0.9135666489601135,
        0.9276333451271057,
        0.9249333143234253
      ],
      "single-digit accuracy": [
        0.010966666974127293,
        0.010966666974127293
      ]
    }
  }
}