{
  "MNISTNet_basic": {
    "train_nesy": {
      "loss": [
        1.9002184867858887,
        0.5863008499145508,
        0.38794392347335815,
        0.28825345635414124,
        0.24378499388694763,
        0.2147701531648636,
        0.19681252539157867,
        0.17971131205558777,
        0.15849468111991882,
        0.151638463139534,
        0.1434779316186905,
        0.131466805934906,
        0.12665104866027832,
        0.12161557376384735,
        0.11376608163118362,
        0.10740739107131958,
        0.10590414702892303,
        0.1020299419760704,
        0.10123968869447708,
        0.09719718247652054
      ],
      "accuracy": [
        0.4003666639328003,
        0.8373666405677795,
        0.8970333337783813,
        0.9246000051498413,
        0.9378666877746582,
        0.9441666603088379,
        0.9488666653633118,
        0.953000009059906,
        0.9589999914169312,
        0.9607666730880737,
        0.9620000123977661,
        0.965399980545044,
        0.9666000008583069,
        0.9679999947547913,
        0.9695666432380676,
        0.9723666906356812,
        0.9717333316802979,
        0.972766637802124,
        0.9738333225250244,
        0.9748333096504211
      ],
      "single-digit accuracy": [
        0.9875666499137878,
        0.9869666695594788
      ]
    },
    "train_neural": {
      "loss": [
        2.9491844177246094,
        2.5985488891601562,
        2.115535020828247,
        1.843539834022522,
        1.684419870376587,
        1.593382716178894,
        1.5159481763839722,
        1.452942967414856,
        1.408493161201477,
        1.369741439819336,
        1.3318606615066528,
        1.295728087425232,
        1.2705111503601074,
        1.258957028388977,
        1.2288379669189453,
        1.2130793333053589,
        1.1919081211090088,
        1.1718120574951172,
        1.170809030532837,
        1.153759241104126
      ],
      "accuracy": [
        0.08829999715089798,
        0.1193000003695488,
        0.2059333324432373,
        0.28003332018852234,
        0.3264666795730591,
        0.36230000853538513,
        0.3956666588783264,
        0.42046666145324707,
        0.44040000438690186,
        0.45339998602867126,
        0.4701666533946991,
        0.48126667737960815,
        0.49869999289512634,
        0.5015666484832764,
        0.5130666494369507,
        0.525600016117096,
        0.5286666750907898,
        0.5346666574478149,
        0.546833336353302,
        0.5508333444595337
      ],
      "single-digit accuracy": [
        0.11866666376590729,
        0.11906666308641434
      ]
    }
  },
  "EfficientNet-B0": {
    "train_nesy": {
      "loss": [
        0.2290056049823761,
        0.07445086538791656,
        0.05972472205758095,
        0.04506960138678551,
        0.041276272386312485,
        0.03867854177951813,
        0.029657602310180664,
        0.027288120239973068,
        0.02542310394346714,
        0.0219365693628788,
        0.020671578124165535,
        0.020704640075564384,
        0.020299477502703667,
        0.01772657223045826,
        0.015171091072261333,
        0.013798462226986885,
        0.01731334626674652,
        0.013720410875976086,
        0.015130741521716118,
        0.008328374475240707
      ],
      "accuracy": [
        0.932366669178009,
        0.9781333208084106,
        0.9825000166893005,
        0.9867666959762573,
        0.9880666732788086,
        0.9879000186920166,
        0.9908333420753479,
        0.9914666414260864,
        0.9926666617393494,
        0.9934333562850952,
        0.9937999844551086,
        0.9933000206947327,
        0.9936000108718872,
        0.9943666458129883,
        0.9958333373069763,
        0.9955333471298218,
        0.9946666955947876,
        0.9958999752998352,
        0.9955666661262512,
        0.9972000122070312
      ],
      "single-digit accuracy": [
        0.9987000226974487,
        0.99836665391922
      ]
    },
    "train_neural": {
      "loss": [
        2.007190465927124,
        1.3067041635513306,
        1.1021424531936646,
        0.9345932006835938,
        0.8766564726829529,
        0.7773346900939941,
        0.7106072306632996,
        0.6018781065940857,
        0.6890584230422974,
        0.6090385913848877,
        0.6637137532234192,
        0.6625841856002808,
        0.5521372556686401,
        0.5920915603637695,
        0.6543727517127991,
        0.585868775844574,
        0.5585966110229492,
        0.5658664703369141,
        0.9665055871009827,
        0.47862645983695984
      ],
      "accuracy": [
        0.275299996137619,
        0.5128666758537292,
        0.6392333507537842,
        0.7533000111579895,
        0.807366669178009,
        0.8657333254814148,
        0.9014999866485596,
        0.9211000204086304,
        0.9201666712760925,
        0.9290333390235901,
        0.9296666383743286,
        0.9273999929428101,
        0.9408000111579895,
        0.9384333491325378,
        0.9292333126068115,
        0.9414666891098022,
        0.9477999806404114,
        0.940833330154419,
        0.9140666723251343,
        0.9529666900634766
      ],
      "single-digit accuracy": [
        0.2018333375453949,
        0.202266663312912
      ]
    }
  },
  "EfficientNet-B3": {
    "train_nesy": {
      "loss": [
        0.2588370144367218,
        0.07657799869775772,
        0.060188502073287964,
        0.05244480073451996,
        0.05016551539301872,
        0.041360318660736084,
        0.03390372171998024,
        0.031617820262908936,
        0.033619195222854614,
        0.02563067525625229,
        0.025251930579543114,
        0.024861836805939674,
        0.01933259330689907,
        0.015386545099318027,
        0.018064290285110474,
        0.014159857295453548,
        0.018632620573043823,
        0.011354705318808556,
        0.017673471942543983,
        0.012644264847040176
      ],
      "accuracy": [
        0.9255666732788086,
        0.9790999889373779,
        0.983299970626831,
        0.9853333234786987,
        0.9854333400726318,
        0.9889666438102722,
        0.9902666807174683,
        0.9905999898910522,
        0.9909999966621399,
        0.9922666549682617,
        0.992733359336853,
        0.9929333329200745,
        0.9938666820526123,
        0.9954666495323181,
        0.9946333169937134,
        0.9958999752998352,
        0.9945666790008545,
        0.996833324432373,
        0.994866669178009,
        0.996233344078064
      ],
      "single-digit accuracy": [
        0.9984333515167236,
        0.9982666373252869
      ]
    },
    "train_neural": {
      "loss": [
        2.0232651233673096,
        1.2690051794052124,
        1.0610160827636719,
        0.886830747127533,
        0.7619673609733582,
        0.7956341505050659,
        0.7344473600387573,
        0.8891654014587402,
        0.7440402507781982,
        0.5630040168762207,
        0.48854637145996094,
        0.6732134819030762,
        0.7469145655632019,
        0.7645772695541382,
        0.7612677812576294,
        0.7680225372314453,
        1.083634376525879,
        0.8581854104995728,
        0.6783699989318848,
        0.7238562107086182
      ],
      "accuracy": [
        0.27613332867622375,
        0.5389666557312012,
        0.6838666796684265,
        0.789733350276947,
        0.8606333136558533,
        0.8777999877929688,
        0.9042999744415283,
        0.8964666724205017,
        0.9151666760444641,
        0.9368333220481873,
        0.9437999725341797,
        0.9264333248138428,
        0.92330002784729,
        0.9158999919891357,
        0.9290000200271606,
        0.9249333143234253,
        0.9086333513259888,
        0.9214666485786438,
        0.9383666515350342,
        0.936033308506012
      ],
      "single-digit accuracy": [
        0.010266666300594807,
        0.011033332906663418
      ]
    }
  }
}