{
  "MNISTNet_basic": {
    "train_nesy": {
      "loss": [
        16.0413128133138,
        5.056682132879893,
        3.8607910058657327,
        3.3493703106562296,
        2.8693164502302806,
        2.635081791230043,
        2.4886918226321537,
        2.3145129474520685,
        1.9956540002822876,
        2.020585274473826,
        1.8502494364658992,
        1.7734925465762614,
        1.6826273246645926,
        1.5720083502193292,
        1.556136927562952,
        1.5357222756260385,
        1.3878719309300185,
        1.4358678365861377,
        1.3090132086488109,
        1.329832165919741
      ],
      "accuracy": [
        0.7066666666666667,
        0.9222333333333333,
        0.9398,
        0.9468,
        0.9548666666666666,
        0.9587666666666667,
        0.9615666666666667,
        0.9628,
        0.9687333333333333,
        0.9674,
        0.9700666666666666,
        0.9709,
        0.9731666666666666,
        0.9744,
        0.9745,
        0.9754666666666667,
        0.9764333333333334,
        0.9767,
        0.9784,
        0.9794666666666667
      ],
      "single-digit accuracy": [
        0.9894333333333334,
        0.9898666666666667
      ]
    },
    "train_neural": {
      "loss": [
        2.277506847635905,
        1.7236250217437745,
        1.5676352108637492,
        1.4653836270014444,
        1.3958080537160238,
        1.3442920883814493,
        1.2956429043451945,
        1.267177681573232,
        1.2348468797047933,
        1.2134817571004233,
        1.1779769205729167,
        1.15090066502889,
        1.1481798718134562,
        1.1268765837351482,
        1.1008914213498433,
        1.0902896263758342,
        1.0788650845209757,
        1.0625758671442667,
        1.0541952725728352,
        1.0514886023839314
      ],
      "accuracy": [
        0.18313333333333334,
        0.3108666666666667,
        0.36473333333333335,
        0.4080666666666667,
        0.43366666666666664,
        0.4526,
        0.4789333333333333,
        0.4882,
        0.5058666666666667,
        0.5152333333333333,
        0.5283,
        0.5448,
        0.5528,
        0.5560666666666667,
        0.5712,
        0.5755333333333333,
        0.5810666666666666,
        0.5851,
        0.5929,
        0.5987666666666667
      ],
      "single-digit accuracy": [
        0.051866666666666665,
        0.05093333333333333
      ]
    }
  },
  "EfficientNet-B0": {
    "train_nesy": {
      "loss": [
        4.415285334471862,
        1.347950544773539,
        1.2035056432396174,
        0.9052428206257522,
        0.8058213899292052,
        0.7064042731338491,
        0.6619662045664464,
        0.6714574172686786,
        0.509020992938988,
        0.47473980517076947,
        0.45980051222965124,
        0.3813325799899176,
        0.33942753959059097,
        0.4284294736134509,
        0.31179155355862653,
        0.24015808353057752,
        0.3438427822078889,
        0.2534054666515905,
        0.24832711711518157,
        0.2386449730498561
      ],
      "accuracy": [
        0.9256666666666666,
        0.9776,
        0.9798333333333333,
        0.9846666666666667,
        0.9865666666666667,
        0.9871,
        0.9884333333333334,
        0.9888,
        0.9908666666666667,
        0.991,
        0.9922,
        0.9930333333333333,
        0.9938333333333333,
        0.9925,
        0.9946,
        0.9956666666666667,
        0.9941666666666666,
        0.9954333333333333,
        0.9946666666666667,
        0.9962
      ],
      "single-digit accuracy": [
        0.9984333333333333,
        0.9980333333333333
      ]
    },
    "train_neural": {
      "loss": [
        1.7475784753163655,
        1.136707992299398,
        0.9219736726125082,
        0.8321708000818888,
        0.7550183766365052,
        0.7716984817663829,
        0.5599872966766357,
        0.6599623511711756,
        0.6335188634316127,
        0.5430329898754755,
        0.5705254891435305,
        0.5801955918431282,
        0.48063182356357576,
        0.5583812411606311,
        0.6804821024517218,
        0.6772064802149932,
        0.6062630340019862,
        0.732261438335975,
        0.8549455997228622,
        0.7619474905510744
      ],
      "accuracy": [
        0.36296666666666666,
        0.6095,
        0.738,
        0.8129,
        0.8746,
        0.8947333333333334,
        0.9326333333333333,
        0.9256666666666666,
        0.9291,
        0.9449333333333333,
        0.9404,
        0.9453333333333334,
        0.9542333333333334,
        0.9478666666666666,
        0.9372,
        0.9442,
        0.9534666666666667,
        0.9431666666666667,
        0.9354,
        0.9407
      ],
      "single-digit accuracy": [
        0.0723,
        0.0721
      ]
    }
  },
  "EfficientNet-B3": {
    "train_nesy": {
      "loss": [
        4.510477404240767,
        1.3695450048536062,
        0.9640209771593412,
        0.8300896001257002,
        0.8358779426321388,
        0.7432532500701646,
        0.6584949398327619,
        0.5675711976421376,
        0.49309566874851785,
        0.4156909687311699,
        0.46217868314186733,
        0.33477390279366326,
        0.37289979179960986,
        0.33385450932136734,
        0.2404831624440228,
        0.3003866597642191,
        0.2949645091094232,
        0.22715572391043728,
        0.24817620848541458,
        0.22807410397734493
      ],
      "accuracy": [
        0.9232,
        0.9780333333333333,
        0.9851666666666666,
        0.9865333333333334,
        0.9865666666666667,
        0.9883666666666666,
        0.9888,
        0.9902,
        0.9909333333333333,
        0.9924666666666667,
        0.9917333333333334,
        0.9944,
        0.9938666666666667,
        0.9943333333333333,
        0.9961333333333333,
        0.9947,
        0.9953,
        0.9961,
        0.9960333333333333,
        0.9961333333333333
      ],
      "single-digit accuracy": [
        0.9981,
        0.9983333333333333
      ]
    },
    "train_neural": {
      "loss": [
        1.7571191047668457,
        1.1710653192838032,
        0.910776016998291,
        0.8581109162171682,
        0.8403072623411815,
        0.8294700079600016,
        0.7072033197879791,
        0.8444734842061996,
        0.5730824296832084,
        0.5521721586942673,
        0.6354959844549497,
        0.6080481390734513,
        0.5933676216423511,
        0.623032192114989,
        0.6501273679196835,
        0.7824912721355756,
        0.9111897318899631,
        0.7517957927346229,
        0.6707452915092309,
        0.6941521597842375
      ],
      "accuracy": [
        0.3651333333333333,
        0.6151333333333333,
        0.7573333333333333,
        0.8350666666666666,
        0.8661666666666666,
        0.8982333333333333,
        0.9229,
        0.9138333333333334,
        0.9428333333333333,
        0.9467,
        0.9411666666666667,
        0.9488,
        0.9450333333333333,
        0.9456333333333333,
        0.9453333333333334,
        0.9351333333333334,
        0.9285333333333333,
        0.9343333333333333,
        0.9409333333333333,
        0.9425
      ],
      "single-digit accuracy": [
        0.193,
        0.19333333333333333
      ]
    }
  }
}