{
  "MNISTNet_basic": {
    "train_nesy": {
      "loss": [
        29.91130753847758,
        9.718457056204478,
        7.30037044766744,
        6.077467631697655,
        5.398900412019094,
        4.76258225320975,
        4.324151005323728,
        4.191787651960055,
        3.8571470115741096,
        3.6420851721485454,
        3.481065649298827,
        3.2128572390238443,
        3.166911693716546,
        2.9726655331810314,
        2.8473205475310484,
        2.711524249649048,
        2.8994030292809008,
        2.479437161954244,
        2.5336102722913028,
        2.325049518114825
      ],
      "accuracy": [
        0.7078,
        0.9215666666666666,
        0.9418333333333333,
        0.9508,
        0.9554,
        0.9594666666666667,
        0.9634333333333334,
        0.9641666666666666,
        0.9679666666666666,
        0.9693333333333334,
        0.9709666666666666,
        0.9739,
        0.9732,
        0.975,
        0.9751,
        0.9778666666666667,
        0.9756333333333334,
        0.9790666666666666,
        0.9775,
        0.9797333333333333
      ],
      "single-digit accuracy": [
        0.9901666666666666,
        0.9894666666666667
      ]
    },
    "train_neural": {
      "loss": [
        2.277506847635905,
        1.7236250217437745,
        1.5676352108637492,
        1.4653836270014444,
        1.3958080537160238,
        1.3442920883814493,
        1.2956429043451945,
        1.267177681573232,
        1.2348468797047933,
        1.2134817571004233,
        1.1779769205729167,
        1.15090066502889,
        1.1481798718134562,
        1.1268765837351482,
        1.1008914213498433,
        1.0902896263758342,
        1.0788650845209757,
        1.0625758671442667,
        1.0541952725728352,
        1.0514886023839314
      ],
      "accuracy": [
        0.18313333333333334,
        0.3108666666666667,
        0.36473333333333335,
        0.4080666666666667,
        0.43366666666666664,
        0.4526,
        0.4789333333333333,
        0.4882,
        0.5058666666666667,
        0.5152333333333333,
        0.5283,
        0.5448,
        0.5528,
        0.5560666666666667,
        0.5712,
        0.5755333333333333,
        0.5810666666666666,
        0.5851,
        0.5929,
        0.5987666666666667
      ],
      "single-digit accuracy": [
        0.051866666666666665,
        0.05093333333333333
      ]
    }
},
  "EfficientNet-B0": {
    "train_nesy": {
      "loss": [
        8.062543915335338,
        2.5192907923360663,
        2.0741523269866904,
        1.9191310876150927,
        1.6221116825044155,
        1.2876541263813774,
        1.322281592646738,
        1.141824138655886,
        1.0098217027587195,
        0.7979153959864129,
        0.8848817153590421,
        0.7019161415241658,
        0.7044079549246468,
        0.6545110873766243,
        0.6015458080235868,
        0.5149581652811729,
        0.4700884026815804,
        0.49202628923542796,
        0.5811938639152174,
        0.48867530284089344
      ],
      "accuracy": [
        0.9262,
        0.9772,
        0.9817,
        0.982,
        0.9854666666666667,
        0.9881,
        0.9877333333333334,
        0.9899,
        0.9905,
        0.9927333333333334,
        0.9918,
        0.9931666666666666,
        0.9937333333333334,
        0.9943,
        0.9945,
        0.9948333333333333,
        0.9957,
        0.9956333333333334,
        0.9947666666666667,
        0.9951333333333333
      ],
      "single-digit accuracy": [
        0.9981666666666666,
        0.9975333333333334
      ]
    },
    "train_neural": {
      "loss": [
        1.7490629727045695, 
        1.138684254582723, 
        0.9636587374687194, 
        0.8507470823923746, 
        0.7372771632671357, 
        0.6843244693597158, 
        0.6452483255783716, 
        0.7227314542452494, 
        0.6792518965641657, 
        0.53710208837986, 
        0.6420382524808248, 
        0.6849420302708944, 
        0.8372303075750669, 
        0.6609361655076345, 
        0.5217884416182836, 
        0.5651036133527756, 
        0.595698291194439, 
        0.6032871237357458, 
        0.4323798717300097, 
        0.43648868888020514],
      "accuracy": [
        0.3565333333333333,
        0.6026333333333334,
        0.7144,
        0.7945, 
        0.8659, 
        0.8966666666666666, 
        0.9149333333333334, 
        0.9149666666666667, 
        0.9266, 
        0.9452666666666667, 
        0.9367,
        0.9378666666666666, 
        0.9191, 
        0.9404666666666667, 
        0.9531, 
        0.9491333333333334, 
        0.9457, 
        0.9461333333333334, 
        0.9610666666666666, 
        0.9618333333333333
      ], 
      "single-digit accuracy": [
        0.0378,
        0.0369
        ]
    }
  },
  "EfficientNet-B3": {
    "train_nesy": {
      "loss": [
        8.149907433358829,
        2.4847936844845613,
        1.8299742835968733,
        1.7035682587037484,
        1.4902958762298029,
        1.1939444479174912,
        1.2030031928708156,
        1.0106580723389984,
        0.9065714842408895,
        0.8427076156815514,
        0.813706056407094,
        0.7014754925997307,
        0.7076711580004543,
        0.5133750278151283,
        0.5758748526899765,
        0.4662006751541669,
        0.48740324869332835,
        0.4308341665296505,
        0.5103221911387208,
        0.33485922482206176
      ],
      "accuracy": [
        0.927,
        0.9777333333333333,
        0.9832,
        0.9852,
        0.9865,
        0.9893,
        0.9896,
        0.9912666666666666,
        0.9915,
        0.9929333333333333,
        0.9928,
        0.9934,
        0.9936,
        0.9950666666666667,
        0.9947666666666667,
        0.9956,
        0.9962333333333333,
        0.9961333333333333,
        0.9955333333333334,
        0.9969
      ],
      "single-digit accuracy": [
        0.9983666666666666,
        0.9984
      ]
    },
    "train_neural": {
      "loss": [
        1.755229648399353, 
        1.1355134784698486, 
        0.9117352965354919, 
        0.8575200861930847, 
        0.8121142584323883, 
        0.80362618877093, 
        0.6855260381380717, 
        0.6836023975570996, 
        0.6212077115138371, 
        0.6154003118276596, 
        0.5372319087425868, 
        0.6838752784709136, 
        0.7616086548407872, 
        0.5589989110867183, 
        0.7021448831101259, 
        0.8158120835900307, 
        0.6658563463270665, 
        0.7214299715836843, 
        0.79295795160532, 
        0.9342550779740015
        ], 
      "accuracy": [
        0.36183333333333334, 
        0.6206333333333334, 
        0.7649333333333334, 
        0.8300333333333333, 
        0.8877, 
        0.9036, 
        0.9211, 
        0.9318333333333333, 
        0.9357666666666666, 
        0.9396666666666667, 
        0.9485333333333333, 
        0.9363333333333334, 
        0.9295666666666667, 
        0.9511666666666667, 
        0.9395, 
        0.9306333333333333, 
        0.9415666666666667, 
        0.9467333333333333, 
        0.9374, 
        0.9342
        ], 
      "single-digit accuracy": [
        0.1968, 
        0.19653333333333334
      ]
    }
  }
}