{
  "MNISTNet_basic": {
    "train_nesy": {
      "loss": [
        16.0413128133138,
        5.056682132879893,
        3.8607910058657327,
        3.3493703106562296,
        2.8693164502302806,
        2.635081791230043,
        2.4886918226321537,
        2.3145129474520685,
        1.9956540002822876,
        2.020585274473826,
        1.8502494364658992,
        1.7734925465762614,
        1.6826273246645926,
        1.5720083502193292,
        1.556136927562952,
        1.5357222756260385,
        1.3878719309300185,
        1.4358678365861377,
        1.3090132086488109,
        1.329832165919741
      ],
      "accuracy": [
        0.7066666666666667,
        0.9222333333333333,
        0.9398,
        0.9468,
        0.9548666666666666,
        0.9587666666666667,
        0.9615666666666667,
        0.9628,
        0.9687333333333333,
        0.9674,
        0.9700666666666666,
        0.9709,
        0.9731666666666666,
        0.9744,
        0.9745,
        0.9754666666666667,
        0.9764333333333334,
        0.9767,
        0.9784,
        0.9794666666666667
      ],
      "single-digit accuracy": [
        0.9894333333333334,
        0.9898666666666667
      ]
    },
    "train_neural": {
      "loss": [
        2.277506847635905,
        1.7236250217437745,
        1.5676352108637492,
        1.4653836270014444,
        1.3958080537160238,
        1.3442920883814493,
        1.2956429043451945,
        1.267177681573232,
        1.2348468797047933,
        1.2134817571004233,
        1.1779769205729167,
        1.15090066502889,
        1.1481798718134562,
        1.1268765837351482,
        1.1008914213498433,
        1.0902896263758342,
        1.0788650845209757,
        1.0625758671442667,
        1.0541952725728352,
        1.0514886023839314
      ],
      "accuracy": [
        0.18313333333333334,
        0.3108666666666667,
        0.36473333333333335,
        0.4080666666666667,
        0.43366666666666664,
        0.4526,
        0.4789333333333333,
        0.4882,
        0.5058666666666667,
        0.5152333333333333,
        0.5283,
        0.5448,
        0.5528,
        0.5560666666666667,
        0.5712,
        0.5755333333333333,
        0.5810666666666666,
        0.5851,
        0.5929,
        0.5987666666666667
      ],
      "single-digit accuracy": [
        0.051866666666666665,
        0.05093333333333333
      ]
    }
},
  "EfficientNet-B0": {
    "train_nesy": {
      "loss": [
        4.337335682050387,
        1.3132207105805476,
        1.1506723888585966,
        0.8921024132328729,
        0.881504511169840,
        0.7594712926228842,
        0.6437736647706479,
        0.5888910134421661,
        0.5041203240118921,
        0.4844241856476913,
        0.4535340160051361,
        0.3945897277664393,
        0.36047388355825094,
        0.3351157241612983,
        0.37770124213544964,
        0.2430672931814256,
        0.29858613773796244,
        0.28553419334004476,
        0.23082210297966377,
        0.2586772505083742
      ],
      "accuracy": [
        0.9261333333333333,
        0.9773666666666668,
        0.9804333333333334,
        0.9846000000000001,
        0.9850999999999999,
        0.9868333333333334,
        0.9883666666666666,
        0.9893666666666667,
        0.9918333333333334,
        0.9918333333333334,
        0.9922999999999999,
        0.9929,
        0.9935333333333334,
        0.9942,
        0.9936,
        0.9957333333333334,
        0.9945333333333333,
        0.9948666666666666,
        0.9960666666666667,
        0.9955333333333334
      ],
      "single-digit accuracy": [
        0.9982,
        0.998
      ]

    },
    "train_neural": {
      "loss": [
        1.7490629727045695, 
        1.138684254582723, 
        0.9636587374687194, 
        0.8507470823923746, 
        0.7372771632671357, 
        0.6843244693597158, 
        0.6452483255783716, 
        0.7227314542452494, 
        0.6792518965641657, 
        0.53710208837986, 
        0.6420382524808248, 
        0.6849420302708944, 
        0.8372303075750669, 
        0.6609361655076345, 
        0.5217884416182836, 
        0.5651036133527756, 
        0.595698291194439, 
        0.6032871237357458, 
        0.4323798717300097, 
        0.43648868888020514],
      "accuracy": [
        0.3565333333333333,
        0.6026333333333334,
        0.7144,
        0.7945, 
        0.8659, 
        0.8966666666666666, 
        0.9149333333333334, 
        0.9149666666666667, 
        0.9266, 
        0.9452666666666667, 
        0.9367,
        0.9378666666666666, 
        0.9191, 
        0.9404666666666667, 
        0.9531, 
        0.9491333333333334, 
        0.9457, 
        0.9461333333333334, 
        0.9610666666666666, 
        0.9618333333333333
      ], 
      "single-digit accuracy": [
        0.0378,
        0.0369
        ]
    }
  },
  "EfficientNet-B3": {
    "train_nesy": {
      "loss": [
        4.353492759454251,
        1.3088372349321842,
        1.1281958543290695,
        0.820057142053917,
        0.7499331257502238,
        0.6715018995230396,
        0.6607693844106669,
        0.6087794094051234,
        0.4388000362943858,
        0.47189928427251676,
        0.45490928255673496,
        0.383991805789868,
        0.3184205762887063,
        0.3288381942627331,
        0.3306590637362096,
        0.29587440817523747,
        0.2546578524006065,
        0.24557585482238792,
        0.178158903707203,
        0.20971075705937497
      ],
      "accuracy": [
        0.9258666666666666,
        0.9791333333333333,
        0.9814,
        0.9864666666666667,
        0.9879,
        0.9889333333333333,
        0.9887,
        0.9904666666666667,
        0.9931666666666666,
        0.9923666666666666,
        0.9923333333333333,
        0.9936666666666667,
        0.9944333333333333,
        0.9944333333333333,
        0.9945,
        0.9954666666666667,
        0.9955333333333334,
        0.9959,
        0.9966666666666667,
        0.9964666666666666
      ],
      "single-digit accuracy": [
        0.9983666666666666,
        0.9984666666666666
      ]
    },
    "train_neural": {
      "loss": [
        1.755229648399353, 
        1.1355134784698486, 
        0.9117352965354919, 
        0.8575200861930847, 
        0.8121142584323883, 
        0.80362618877093, 
        0.6855260381380717, 
        0.6836023975570996, 
        0.6212077115138371, 
        0.6154003118276596, 
        0.5372319087425868, 
        0.6838752784709136, 
        0.7616086548407872, 
        0.5589989110867183, 
        0.7021448831101259, 
        0.8158120835900307, 
        0.6658563463270665, 
        0.7214299715836843, 
        0.79295795160532, 
        0.9342550779740015
        ], 
      "accuracy": [
        0.36183333333333334, 
        0.6206333333333334, 
        0.7649333333333334, 
        0.8300333333333333, 
        0.8877, 
        0.9036, 
        0.9211, 
        0.9318333333333333, 
        0.9357666666666666, 
        0.9396666666666667, 
        0.9485333333333333, 
        0.9363333333333334, 
        0.9295666666666667, 
        0.9511666666666667, 
        0.9395, 
        0.9306333333333333, 
        0.9415666666666667, 
        0.9467333333333333, 
        0.9374, 
        0.9342
        ], 
      "single-digit accuracy": [
        0.1968, 
        0.19653333333333334
      ]
    }
  }
}