{
  "MNISTNet_basic": {
    "train_nesy": {
      "loss": [
        0.6365196846485138, 
        0.3354717637737592, 
        0.2760802852233251, 
        0.23498849387963613, 
        0.2268356504480044, 
        0.2111448274359107, 
        0.24226701208439966, 
        0.18476844148753832, 
        0.2020280261615912, 
        0.2070760869668176, 
        0.18591430750945584, 
        0.17073614417531838, 
        0.1930310030174752, 
        0.1815908455333983, 
        0.16797824745055598, 
        0.20986810283313195, 
        0.16363321400348407, 
        0.16239107585151213, 
        0.1866910377138789, 
        0.18093941934523172
        ], 
      "accuracy": [
        0.8206333333333333, 
        0.9035333333333333, 
        0.9211, 
        0.9330666666666667, 
        0.9378333333333333, 
        0.9404333333333333, 
        0.9378666666666666, 
        0.9524666666666667, 
        0.9486333333333333, 
        0.9489333333333333, 
        0.9553333333333334, 
        0.9569666666666666, 
        0.9535, 
        0.9559666666666666, 
        0.9605, 
        0.952, 
        0.9629, 
        0.9628333333333333, 
        0.9584333333333334, 
        0.9604333333333334
      ],
      "single-digit accuracy": [
        0.9810333333333333, 
        0.9820666666666666
      ]
    },
    "train_neural": {
      "loss": [
        2.2605315015157066,
        1.6863319498062135,
        1.536303750038147,
        1.4444136426289875,
        1.3850742197036743,
        1.3300526568730673,
        1.2947623666763306,
        1.2641851061503093,
        1.238544921875,
        1.2037003969828288,
        1.177879575284322,
        1.1551221102396647,
        1.1378139944076537,
        1.13172643699646,
        1.1111159225463867,
        1.0916460742314658,
        1.079585953203837,
        1.059044517962138,
        1.0491801880836487,
        1.036153951740265
      ],
      "accuracy": [
        0.18626666666666666,
        0.3289,
        0.3786333333333333,
        0.41733333333333333,
        0.4399,
        0.46373333333333333,
        0.4740333333333333,
        0.49183333333333334,
        0.5067333333333334,
        0.5233333333333333,
        0.5273333333333333,
        0.5402333333333333,
        0.5493,
        0.5574333333333333,
        0.5655666666666667,
        0.5758666666666666,
        0.5795,
        0.5903,
        0.5966333333333333,
        0.6000333333333333
      ],
      "single-digit accuracy": [
        0.060533333333333335,
        0.0621
      ]
    }
  },
  "EfficientNet-B0": {
    "train_nesy": {
      "loss": [
        2.637056345367432, 
        1.377774078241984, 
        0.8425871049880982, 
        0.5721213857332865, 
        0.43076860557397206, 
        0.4698566604137421, 
        0.37726218709746995, 
        0.40887505229711535, 
        0.3728420580526193, 
        0.37821948100328445, 
        0.35859699876308443, 
        0.36271403804421426, 
        0.37297606417338053, 
        0.3449037658274174, 
        0.3354336394270261, 
        0.36194909267226855, 
        0.3497251881976922, 
        0.35205384514331817, 
        0.38353041579425334, 
        0.2842659657443563
        ], 
      "accuracy": [
        0.10333333333333333, 
        0.5862333333333334, 
        0.7441666666666666, 
        0.8248, 
        0.8685666666666667, 
        0.8556, 
        0.8859, 
        0.8762666666666666, 
        0.8901666666666667, 
        0.8866, 
        0.8903333333333333, 
        0.8942, 
        0.8934333333333333, 
        0.9016, 
        0.9048333333333334, 
        0.9001, 
        0.9045666666666666, 
        0.9115333333333333, 
        0.9014, 
        0.9273666666666667
        ], 
      "single-digit accuracy": [
          0.9624666666666667, 
          0.9633666666666667
        ]
    },
    "train_neural": {
      "loss": [1.7490629727045695, 
        1.138684254582723, 
        0.9636587374687194, 
        0.8507470823923746, 
        0.7372771632671357, 
        0.6843244693597158, 
        0.6452483255783716, 
        0.7227314542452494, 
        0.6792518965641657, 
        0.53710208837986, 
        0.6420382524808248, 
        0.6849420302708944, 
        0.8372303075750669, 
        0.6609361655076345, 
        0.5217884416182836, 
        0.5651036133527756, 
        0.595698291194439, 
        0.6032871237357458, 
        0.4323798717300097, 
        0.43648868888020514
      ],
      "accuracy": [
        0.3565333333333333,
        0.6026333333333334,
        0.7144,
        0.7945, 
        0.8659, 
        0.8966666666666666, 
        0.9149333333333334, 
        0.9149666666666667, 
        0.9266, 
        0.9452666666666667, 
        0.9367,
        0.9378666666666666, 
        0.9191, 
        0.9404666666666667, 
        0.9531, 
        0.9491333333333334, 
        0.9457, 
        0.9461333333333334, 
        0.9610666666666666, 
        0.9618333333333333
      ], 
      "single-digit accuracy": [
        0.0378,
        0.0369
        ]
    }
  },
  "EfficientNet-B3": {
    "train_nesy": {
      "loss": [
        1.3728968645731607, 
        0.8274215195973714, 
        0.5314530860662461, 
        0.45484547067483266, 
        0.3989695600450039, 
        0.39260024447639785, 
        0.32508362459341683, 
        0.3170073493997256, 
        0.3450487012108167, 
        0.30901745427449545, 
        0.32308300666014356, 
        0.32795649415651956, 
        0.363403243158261, 
        0.31509829880545537, 
        0.35601977788209915, 
        0.31272034311542907, 
        0.38358801572372514, 
        0.2978857791393995, 
        0.3748453402445962, 
        0.3099023650883386
        ], 
      "accuracy": [
        0.5812, 
        0.7432, 
        0.8372, 
        0.8639, 
        0.8805666666666667, 
        0.8823, 
        0.9027, 
        0.9063333333333333, 
        0.8968666666666667, 
        0.9112666666666667, 
        0.906, 
        0.9118, 
        0.9018333333333334, 
        0.9102666666666667, 
        0.9041333333333333, 
        0.9218, 
        0.9054, 
        0.9227, 
        0.9131666666666667, 
        0.9184
        ], 
      "single-digit accuracy": [
        0.9608333333333333, 
        0.9601666666666666
      ]
    },
    "train_neural": {
      "loss": [
        1.755229648399353, 
        1.1355134784698486, 
        0.9117352965354919, 
        0.8575200861930847, 
        0.8121142584323883, 
        0.80362618877093, 
        0.6855260381380717, 
        0.6836023975570996, 
        0.6212077115138371, 
        0.6154003118276596, 
        0.5372319087425868, 
        0.6838752784709136, 
        0.7616086548407872, 
        0.5589989110867183, 
        0.7021448831101259, 
        0.8158120835900307, 
        0.6658563463270665, 
        0.7214299715836843, 
        0.79295795160532, 
        0.9342550779740015
      ], 
      "accuracy": [
        0.36183333333333334, 
        0.6206333333333334, 
        0.7649333333333334, 
        0.8300333333333333, 
        0.8877, 
        0.9036, 
        0.9211, 
        0.9318333333333333, 
        0.9357666666666666, 
        0.9396666666666667, 
        0.9485333333333333, 
        0.9363333333333334, 
        0.9295666666666667, 
        0.9511666666666667, 
        0.9395, 
        0.9306333333333333, 
        0.9415666666666667, 
        0.9467333333333333, 
        0.9374, 
        0.9342
      ], 
      "single-digit accuracy": [
        0.1968, 
        0.19653333333333334
      ]
    }
  }
}